Simulation_num.,Scenario_ID.string,Simulation_ID.string,Model_mode.string,Scenario_start.real,Scenario_end.real,Step_length.real,Completed.string,Parallel_TPC.string
1,CALIBRATION,v1,Calibration,2010,2020,5,Y,Y
2,CALIBRATION,v2,Calibration,2010,2020,5,N,Y
3,CALIBRATION,v3,Calibration,2010,2020,5,N,Y
4,CALIBRATION,v4,Calibration,2010,2020,5,N,Y
5,CALIBRATION,v26,Calibration,2010,2020,5,N,Y
6,CALIBRATION,v27,Calibration,2010,2020,5,N,Y
7,CALIBRATION,v28,Calibration,2010,2020,5,Y,Y
8,CALIBRATION,v29,Calibration,2010,2020,5,Y,Y
9,CALIBRATION,v30,Calibration,2010,2020,5,Y,Y
10,CALIBRATION,v31,Calibration,2010,2020,5,Y,Y
11,CALIBRATION,v32,Calibration,2010,2020,5,Y,Y
12,CALIBRATION,v33,Calibration,2010,2020,5,Y,Y
13,CALIBRATION,v34,Calibration,2010,2020,5,Y,Y
14,CALIBRATION,v35,Calibration,2010,2020,5,Y,Y
15,CALIBRATION,v36,Calibration,2010,2020,5,Y,Y
16,CALIBRATION,v37,Calibration,2010,2020,5,Y,Y
17,CALIBRATION,v38,Calibration,2010,2020,5,Y,Y
18,CALIBRATION,v39,Calibration,2010,2020,5,Y,Y
19,CALIBRATION,v40,Calibration,2010,2020,5,Y,Y
20,CALIBRATION,v41,Calibration,2010,2020,5,Y,Y
21,CALIBRATION,v42,Calibration,2010,2020,5,Y,Y
22,CALIBRATION,v43,Calibration,2010,2020,5,Y,Y
23,CALIBRATION,v44,Calibration,2010,2020,5,Y,Y
24,CALIBRATION,v45,Calibration,2010,2020,5,Y,Y
25,CALIBRATION,v46,Calibration,2010,2020,5,Y,Y
26,CALIBRATION,v47,Calibration,2010,2020,5,Y,Y
27,CALIBRATION,v48,Calibration,2010,2020,5,Y,Y
28,CALIBRATION,v49,Calibration,2010,2020,5,Y,Y
29,CALIBRATION,v50,Calibration,2010,2020,5,Y,Y
30,CALIBRATION,v51,Calibration,2010,2020,5,Y,Y
31,CALIBRATION,v52,Calibration,2010,2020,5,Y,Y
32,CALIBRATION,v53,Calibration,2010,2020,5,Y,Y
33,CALIBRATION,v54,Calibration,2010,2020,5,Y,Y
34,CALIBRATION,v55,Calibration,2010,2020,5,Y,Y
35,CALIBRATION,v56,Calibration,2010,2020,5,Y,Y
36,CALIBRATION,v57,Calibration,2010,2020,5,Y,Y
37,CALIBRATION,v58,Calibration,2010,2020,5,Y,Y
38,CALIBRATION,v59,Calibration,2010,2020,5,Y,Y
39,CALIBRATION,v60,Calibration,2010,2020,5,Y,Y
40,CALIBRATION,v61,Calibration,2010,2020,5,Y,Y
41,CALIBRATION,v62,Calibration,2010,2020,5,Y,Y
42,CALIBRATION,v63,Calibration,2010,2020,5,Y,Y
43,CALIBRATION,v64,Calibration,2010,2020,5,Y,Y
44,CALIBRATION,v65,Calibration,2010,2020,5,Y,Y
45,CALIBRATION,v66,Calibration,2010,2020,5,Y,Y
46,CALIBRATION,v67,Calibration,2010,2020,5,Y,Y
47,CALIBRATION,v68,Calibration,2010,2020,5,Y,Y
48,CALIBRATION,v69,Calibration,2010,2020,5,Y,Y
49,CALIBRATION,v70,Calibration,2010,2020,5,Y,Y
50,CALIBRATION,v71,Calibration,2010,2020,5,Y,Y
51,CALIBRATION,v72,Calibration,2010,2020,5,Y,Y
52,CALIBRATION,v73,Calibration,2010,2020,5,Y,Y
53,CALIBRATION,v74,Calibration,2010,2020,5,Y,Y
54,CALIBRATION,v75,Calibration,2010,2020,5,Y,Y
55,CALIBRATION,v76,Calibration,2010,2020,5,Y,Y
56,CALIBRATION,v77,Calibration,2010,2020,5,Y,Y
57,CALIBRATION,v78,Calibration,2010,2020,5,Y,Y
58,CALIBRATION,v79,Calibration,2010,2020,5,Y,Y
59,CALIBRATION,v80,Calibration,2010,2020,5,Y,Y
60,CALIBRATION,v81,Calibration,2010,2020,5,Y,Y
61,CALIBRATION,v82,Calibration,2010,2020,5,Y,Y
62,CALIBRATION,v83,Calibration,2010,2020,5,Y,Y
63,CALIBRATION,v84,Calibration,2010,2020,5,Y,Y
64,CALIBRATION,v85,Calibration,2010,2020,5,Y,Y
65,CALIBRATION,v86,Calibration,2010,2020,5,Y,Y
66,CALIBRATION,v87,Calibration,2010,2020,5,Y,Y
67,CALIBRATION,v88,Calibration,2010,2020,5,Y,Y
68,CALIBRATION,v89,Calibration,2010,2020,5,Y,Y
69,CALIBRATION,v90,Calibration,2010,2020,5,Y,Y
70,CALIBRATION,v91,Calibration,2010,2020,5,Y,Y
71,CALIBRATION,v92,Calibration,2010,2020,5,Y,Y
72,CALIBRATION,v93,Calibration,2010,2020,5,Y,Y
73,CALIBRATION,v94,Calibration,2010,2020,5,Y,Y
74,CALIBRATION,v95,Calibration,2010,2020,5,Y,Y
75,CALIBRATION,v96,Calibration,2010,2020,5,Y,Y
76,CALIBRATION,v97,Calibration,2010,2020,5,Y,Y
77,CALIBRATION,v98,Calibration,2010,2020,5,Y,Y
78,CALIBRATION,v99,Calibration,2010,2020,5,Y,Y
79,CALIBRATION,v100,Calibration,2010,2020,5,Y,Y
